model,mse,rmse,mape,cpc,mae,evs,r2,scc
test_es25_20230303-16-07-32,139.23187,11.799656,0.4297253,0.7312333201570409,8.905063,-6.2692389488220215,-9.99199013960989,0.5
